url,label
https://ooicat.org/auth/register,Email Validation
https://www.xindongli130.xyz/auth/register,Email Validation
https://xmrth.com/auth/register,Email Validation
https://smokecat.org/auth/register,Email Validation
https://rinki.xyz/auth/register,Email Validation
https://znetvpn.xyz/auth/register,Email Validation
https://test.biubiufly.monster/auth/register,Email Validation
https://gamma.pcr.cy/auth/register,Email Validation
https://piecloud.xyz/auth/register,Email Validation
https://7cc.buzz/auth/register,Email Validation
https://www.shidongli136.xyz/auth/register,Email Validation
https://27ssr.com/auth/register,Email Validation
https://ayucloud.services/auth/register,Email Validation
https://f.vpork.com/auth/register,Email Validation
https://www.duguletian.com/auth/register,Email Validation
https://my.hkssnetwork.org/auth/register,Email Validation
https://saocaozuo.me/auth/register,Email Validation
https://cn.xkv2ray.net/auth/register,Email Validation
https://www.nsl-net.cc/auth/register,Email Validation
https://xxjc.vip/auth/register,Email Validation
https://protal.clsnetwork.co/auth/register,Email Validation
https://www.guoyuanbar.com/auth/register,Email Validation
https://seoo.vip/auth/register,Email Validation
https://ssbb520.com/auth/register,Email Validation
https://关于gfw娘是个小碧池这件事.我有一句mmp要讲.com/auth/register,Email Validation
https://renzhe.cloud/auth/register,Email Validation
https://oceancloud.asia/auth/register,Email Validation
https://bigfeng.club/auth/register,Email Validation;GeeTest Validation
https://yujiasu.click/auth/register,GeeTest Validation
https://少数人.com/auth/register,GeeTest Validation
https://ccave.com/auth/register,GeeTest Validation
https://78ssr.in/auth/register,GeeTest Validation
https://www.tannel.xyz/auth/register,GeeTest Validation
https://dogess.co/auth/register,GeeTest Validation
https://sttlink.com/auth/register,GeeTest Validation
https://少数人.moe/auth/register,GeeTest Validation
https://1929.work/auth/register,GeeTest Validation
https://www.299323.xyz/auth/register,GeeTest Validation
https://yooookv2.top/auth/register,GeeTest Validation
https://www.xiaoliebao.xyz/auth/register,GeeTest Validation
https://lei-su.com/auth/register,GeeTest Validation
https://panel.oguricap.run/auth/register,GeeTest Validation
https://tntv2.com/auth/register,GeeTest Validation
https://xsjv2.eu/auth/register,GeeTest Validation
https://chaoxi.fun/auth/register,GeeTest Validation
https://www.xiyun.co/auth/register,GeeTest Validation
https://www.liuchangyun.com/auth/register,GeeTest Validation
https://ginfem.com/auth/register,GeeTest Validation
https://60cloud.xyz/auth/register,GeeTest Validation
https://ssrzo.co/auth/register,GeeTest Validation
https://www.sufeiyun.icu/auth/register,GeeTest Validation
https://gammassr.com/auth/register,GeeTest Validation
https://fast.bshl.site/auth/register,GeeTest Validation
https://www.2taobao.website/auth/register,GeeTest Validation
https://www.ssr99.xyz/auth/register,GeeTest Validation
https://oing.in/auth/register,GeeTest Validation
https://cloud.nima.ma/auth/register,GeeTest Validation
https://kakayun.xyz/auth/register,GeeTest Validation
https://www.douluos.xyz/auth/register,GeeTest Validation
https://66jsq.top/auth/register,GeeTest Validation
https://www.wiougong.space/auth/register,GeeTest Validation
https://ik321loz6.pati.vip/auth/register,GeeTest Validation
https://muniucloud.one/auth/register,GeeTest Validation
https://user.58ppyun.com/auth/register,GeeTest Validation
https://webee.fun/auth/register,GeeTest Validation
https://feisucloud.net/auth/register,GeeTest Validation
https://muguacloud.club/auth/register,GeeTest Validation
https://jsdog.top/auth/register,GeeTest Validation
https://www.wangzi.edu.pl/auth/register,GeeTest Validation
https://juziyun66.com/auth/register,GeeTest Validation
https://haojiahuo.live/auth/register,GeeTest Validation
https://youyun688.net/auth/register,GeeTest Validation
https://www.yyqdh.com/auth/register,GeeTest Validation
https://jike0001.net/auth/register,GeeTest Validation
https://浦东国际机场.com/auth/register,GeeTest Validation
https://maossr.top/auth/register,GeeTest Validation
https://panel.testred.xyz/auth/register,GeeTest Validation
https://wolaile.icu/auth/register,GeeTest Validation
https://0dy998.xyz/auth/register,GeeTest Validation
https://ctssn.cc/auth/register,GeeTest Validation
https://123jiasu.cloud/auth/register,GeeTest Validation
https://www.alhpool.com/auth/register,GeeTest Validation
https://byjc.xyz/auth/register,GeeTest Validation
https://www.flybar.cc/auth/register,GeeTest Validation
https://1.akkcloud1.com/auth/register,GeeTest Validation
https://geess.pw/auth/register,GeeTest Validation
https://imust.cloud/auth/register,GeeTest Validation
https://poigvvv.xyz/auth/register,GeeTest Validation
https://gogoo.cyou/auth/register,GeeTest Validation
https://www.mxyssr.fun/auth/register,GeeTest Validation
https://www.kcssr.best/auth/register,GeeTest Validation
https://cloudupup.com/auth/register,GeeTest Validation
https://seeu.dev/auth/register,GeeTest Validation
https://www.66jsq.top/auth/register,GeeTest Validation
https://sspie.buzz/auth/register,GeeTest Validation
https://www.elkcloud.cc/auth/register,GeeTest Validation
https://axssr.cc/auth/register,GeeTest Validation
https://www.franxx.cloud/auth/register,GeeTest Validation
https://qbklj.xyz/auth/register,GeeTest Validation
https://www.wxret.com/auth/register,GeeTest Validation
https://daydaygeek.icu/auth/register,GeeTest Validation
https://gflink.net/auth/register,GeeTest Validation
https://milou.cc/auth/register,GeeTest Validation
https://www.heduian.pw/auth/register,Google reCAPTCHA
https://dripcloud.uno/auth/register,Google reCAPTCHA
https://ppv2.cc/auth/register,Google reCAPTCHA
https://friendsren.com/auth/register,Google reCAPTCHA;Email Validation
https://www.kosu.cc/auth/register,Google reCAPTCHA;Email Validation
https://www.acrosslinehosting.com/auth/register,Google reCAPTCHA;Email Validation
https://www.gfwssg.com/auth/register,Normal
https://4thunter.net/auth/register,Normal
https://www.ktykty.com/auth/register,Normal
https://selaplane.com/auth/register,Normal
https://api.winorsoft.com/auth/register,Normal
https://www.newchaoren.cc/auth/register,Normal
https://www.freedog.pw/auth/register,Normal
https://starscloud.live/auth/register,Normal
https://www.jafiyun.cc/auth/register,Normal
https://laov888.com/auth/register,Normal
https://www.pokercloud.top/auth/register,Normal
https://www.ss123456.xyz/auth/register,Normal
https://ssru6.pw/auth/register,Normal
https://www.dabai.in/auth/register,Normal
https://bilii.org/auth/register,Normal
https://cylink.app/auth/register,Normal
https://ssr012.xyz/auth/register,Normal
https://ek12.website/auth/register,Normal
https://ttswly.com/auth/register,Normal
https://web.bananaspeed.site/auth/register,Normal
https://724cloud.org/auth/register,Normal
https://www.xiaomaochiyu.com/auth/register,Normal
https://www.assr.vip/auth/register,Normal
https://pluto.aaxc.club/auth/register,Normal
https://zerocloud.works/auth/register,Normal
https://500ml.buzz/auth/register,Normal
https://www.ledlandi.com/auth/register,Normal
https://babylets.tk/auth/register,Normal
http://app.vfan.xyz/auth/register,危险通信(HTTP)
http://149.129.64.8/auth/register,危险通信(HTTP)
http://www.pandabb.xyz/auth/register,危险通信(HTTP)
http://www.syvpn.buzz/auth/register,危险通信(HTTP)
http://www.502jsq.com/auth/register,危险通信(HTTP)
http://www.kmlab.cc/auth/register,危险通信(HTTP)
http://niniubiwoc.xyz/auth/register,危险通信(HTTP)
http://xiaowu.life/auth/register,危险通信(HTTP)
http://ssd.dandaner.com/auth/register,危险通信(HTTP)
http://www.51jiasu.cc/auth/register,危险通信(HTTP)
http://yzkj.best/auth/register,危险通信(HTTP)
http://apollo333.com/auth/register,危险通信(HTTP)
http://imomo.site/auth/register,危险通信(HTTP)
http://houzi.me/auth/register,危险通信(HTTP)
http://greatdeal.cc/auth/register,危险通信(HTTP)
http://雫猫.com/auth/register,危险通信(HTTP)
http://ziyo.us/auth/register,危险通信(HTTP)
http://wanda123.xyz/auth/register,危险通信(HTTP)
http://ssr.doby2333.com/auth/register,危险通信(HTTP)
http://www.vp-ro.cc/auth/register,危险通信(HTTP)
http://140.238.10.38/auth/register,危险通信(HTTP)
http://ky00.top/auth/register,危险通信(HTTP)
https://vofolo.net/auth/register,拒绝注册
https://www.csvpn.xyz/auth/register,拒绝注册
https://lse112233.ml/auth/register,拒绝注册
https://llhyun.com/auth/register,拒绝注册
https://www.hievus.com/auth/register,拒绝注册
https://www.cxkv2.xyz/auth/register,拒绝注册
https://dashboard.dukoucloud.club/auth/register,拒绝注册
https://subscribe.fswkmail.live/auth/register,拒绝注册
https://www.flixer.club/auth/register,拒绝注册
https://3.36.134.53/auth/register,未授权站点
https://103.172.116.172/auth/register,未授权站点
https://144.202.105.69/auth/register,未授权站点
https://河蟹号.com/auth/register,请求异常(ERROR:302)
https://aa.goingsoftv.com/auth/register,请求异常(ERROR:302)
https://wingybubble.men/auth/register,请求异常(ERROR:302)
https://xixi55.net/auth/register,请求异常(ERROR:403)
https://0x000.store/auth/register,请求异常(ERROR:403)
https://ssr.saobilin.site/auth/register,请求异常(ERROR:403)
https://ybdml.club/auth/register,请求异常(ERROR:403)
https://www.easyintnet.com/auth/register,请求异常(ERROR:404)
https://world.su211.com/auth/register,请求异常(ERROR:404)
https://beta.wordcloud.page/auth/register,请求异常(ERROR:522)
https://lennaqwq.com/auth/register,限制注册(邀请)
https://xun.nntui.com/auth/register,限制注册(邀请)
https://www.nekom.org/auth/register,限制注册(邀请)
https://www.sevenstarx.xyz/auth/register,限制注册(邀请)
https://3600.ml/auth/register,限制注册(邀请)
https://www.pandasleep.com/auth/register,限制注册(邀请)
https://chnroute.com/auth/register,限制注册(邀请)
https://www.jltdd.com/auth/register,限制注册(邀请)
https://nekom.org/auth/register,限制注册(邀请)
https://lanan.top/auth/register,限制注册(邀请)
https://www.zuoall.com/auth/register,限制注册(邀请)
https://dash.project-cyber.com/auth/register,限制注册(邀请)
https://www.ashin.us/auth/register,限制注册(邀请)
https://ooocloud.xyz/auth/register,限制注册(邀请)
https://www.2333cloud.net/auth/register,限制注册(邀请)
https://v2nb.cc/auth/register,限制注册(邀请)
https://dotunnel005.com/auth/register,限制注册(邀请)
https://vfentou.com/auth/register,限制注册(邮箱)
https://gs1024.com/auth/register,限制注册(邮箱)
https://sjys6.com/auth/register,限制注册(邮箱)
https://tiyunzong.cloud/auth/register,限制注册(邮箱)
https://fastnode.info/auth/register,限制注册(邮箱)
https://linkhub.asia/auth/register,限制注册(邮箱)
https://linbei.net/auth/register,限制注册(邮箱)
https://www.woccloud.io/auth/register,限制注册(邮箱)
https://yiyo.io/auth/register,限制注册(邮箱)
https://fbi.sale/auth/register,限制注册(邮箱)
https://getluffy.asia/auth/register,限制注册(邮箱)
https://paofu.cloud/auth/register,限制注册(邮箱)
https://www.hjtnt.cc/auth/register,限制注册(邮箱)
https://miru.cloud/auth/register,限制注册(邮箱)
https://mxwljsq.com/auth/register,限制注册(邮箱)
https://bananasuperman.cf/auth/register,限制注册(邮箱)
https://xtspeeder.com/auth/register,限制注册(邮箱)
https://socloud.me/auth/register,限制注册(邮箱)
https://a.wanna-free.best/auth/register,限制注册(邮箱)
https://www.ivpnpro.org/auth/register,限制注册(邮箱)
https://flysocks.pw/auth/register,限制注册(邮箱)
https://ftw.jzfj.shop/auth/register,限制注册(邮箱)
https://zhqsm.wtf/auth/register,限制注册(邮箱)
https://www.hnyhgl.com/auth/register,限制注册(邮箱)
https://www.offshoreview.xyz/auth/register,限制注册(邮箱)
https://echo99.xyz/auth/register,限制注册(邮箱)
